n,t,forced_threshold,nonstackable,tight_examples,minimum_margin,example_at_minimum
2,1,1,0,0,,
2,2,1,1,1,0,"(1, 1)"
2,3,3,0,0,,
2,4,5,0,0,,
2,5,7,0,0,,
2,6,9,0,0,,
2,7,11,0,0,,
2,8,13,0,0,,
2,9,15,0,0,,
2,10,17,0,0,,
3,1,1,0,0,,
3,2,1,3,0,2,"(0, 1, 1)"
3,3,1,3,0,2,"(1, 1, 1)"
3,4,1,3,1,0,"(1, 2, 1)"
3,5,3,2,2,0,"(1, 1, 3)"
3,6,3,3,1,0,"(3, 0, 3)"
3,7,5,0,0,,
3,8,5,0,0,,
3,9,7,0,0,,
3,10,7,0,0,,
4,1,1,0,0,,
4,2,1,6,0,2,"(0, 1, 1, 0)"
4,3,1,10,0,4,"(0, 1, 0, 2)"
4,4,1,16,0,2,"(0, 1, 2, 1)"
4,5,1,20,0,2,"(0, 1, 1, 3)"
4,6,1,24,1,0,"(1, 2, 2, 1)"
4,7,3,22,4,0,"(1, 1, 4, 1)"
4,8,3,21,5,0,"(1, 1, 3, 3)"
4,9,3,14,2,0,"(3, 0, 3, 3)"
4,10,5,11,5,0,"(1, 0, 4, 5)"
5,1,1,0,0,,
5,2,1,10,0,8,"(0, 0, 1, 1, 0)"
5,3,1,22,0,6,"(0, 1, 1, 1, 0)"
5,4,1,44,0,2,"(0, 1, 2, 1, 0)"
5,5,1,73,0,2,"(0, 1, 1, 3, 0)"
5,6,1,110,0,2,"(0, 1, 2, 2, 1)"
5,7,1,140,0,2,"(0, 1, 1, 4, 1)"
5,8,1,172,1,0,"(1, 2, 2, 2, 1)"
5,9,3,189,10,0,"(0, 3, 0, 3, 3)"
5,10,3,187,13,0,"(1, 1, 3, 4, 1)"
6,1,1,0,0,,
6,2,1,15,0,8,"(0, 0, 1, 1, 0, 0)"
6,3,1,40,0,8,"(0, 0, 1, 0, 2, 0)"
6,4,1,93,0,8,"(0, 0, 1, 2, 1, 0)"
6,5,1,182,0,8,"(0, 0, 1, 0, 3, 1)"
6,6,1,322,0,2,"(0, 1, 2, 2, 1, 0)"
6,7,1,504,0,2,"(0, 1, 1, 4, 1, 0)"
6,8,1,738,0,2,"(0, 1, 1, 3, 3, 0)"
6,9,1,994,0,2,"(0, 1, 1, 4, 2, 1)"
6,10,1,1249,1,0,"(1, 2, 2, 2, 2, 1)"
7,1,1,0,0,,
7,2,1,21,0,20,"(0, 0, 0, 1, 1, 0, 0)"
7,3,1,65,0,16,"(0, 0, 1, 1, 1, 0, 0)"
7,4,1,170,0,8,"(0, 0, 1, 2, 1, 0, 0)"
7,5,1,375,0,8,"(0, 0, 1, 1, 3, 0, 0)"
7,6,1,744,0,8,"(0, 0, 1, 0, 5, 0, 0)"
7,7,1,1330,0,8,"(0, 0, 1, 0, 4, 2, 0)"
7,8,1,2221,0,2,"(0, 1, 2, 2, 2, 1, 0)"
7,9,1,3447,0,2,"(0, 1, 1, 4, 2, 1, 0)"
7,10,1,5022,0,2,"(0, 1, 1, 3, 4, 1, 0)"
8,1,1,0,0,,
8,2,1,28,0,20,"(0, 0, 0, 1, 1, 0, 0, 0)"
8,3,1,98,0,20,"(0, 0, 0, 1, 0, 2, 0, 0)"
8,4,1,283,0,20,"(0, 0, 0, 1, 0, 1, 2, 0)"
8,5,1,688,0,20,"(0, 0, 0, 1, 0, 0, 4, 0)"
8,6,1,1496,0,8,"(0, 0, 1, 2, 2, 1, 0, 0)"
8,7,1,2948,0,8,"(0, 0, 1, 1, 4, 1, 0, 0)"
8,8,1,5420,0,8,"(0, 0, 1, 0, 6, 1, 0, 0)"
8,9,1,9324,0,8,"(0, 0, 1, 0, 5, 3, 0, 0)"
8,10,1,15137,0,2,"(0, 1, 2, 2, 2, 2, 1, 0)"
9,1,1,0,0,,
9,2,1,36,0,44,"(0, 0, 0, 0, 1, 1, 0, 0, 0)"
9,3,1,140,0,36,"(0, 0, 0, 1, 1, 1, 0, 0, 0)"
9,4,1,441,0,20,"(0, 0, 0, 1, 2, 1, 0, 0, 0)"
9,5,1,1166,0,20,"(0, 0, 0, 1, 1, 3, 0, 0, 0)"
9,6,1,2743,0,20,"(0, 0, 0, 1, 0, 5, 0, 0, 0)"
9,7,1,5853,0,20,"(0, 0, 0, 1, 0, 4, 2, 0, 0)"
9,8,1,11622,0,8,"(0, 0, 1, 2, 2, 2, 1, 0, 0)"
9,9,1,21636,0,8,"(0, 0, 1, 0, 7, 0, 1, 0, 0)"
9,10,1,38113,0,8,"(0, 0, 1, 0, 6, 2, 1, 0, 0)"
10,1,1,0,0,,
10,2,1,45,0,44,"(0, 0, 0, 0, 1, 1, 0, 0, 0, 0)"
10,3,1,192,0,44,"(0, 0, 0, 0, 1, 0, 2, 0, 0, 0)"
10,4,1,654,0,44,"(0, 0, 0, 0, 1, 0, 1, 2, 0, 0)"
10,5,1,1864,0,44,"(0, 0, 0, 0, 1, 0, 0, 4, 0, 0)"
10,6,1,4705,0,20,"(0, 0, 0, 1, 2, 2, 1, 0, 0, 0)"
10,7,1,10760,0,20,"(0, 0, 0, 1, 1, 4, 1, 0, 0, 0)"
10,8,1,22829,0,20,"(0, 0, 0, 1, 0, 6, 1, 0, 0, 0)"
10,9,1,45388,0,20,"(0, 0, 0, 1, 0, 5, 3, 0, 0, 0)"
10,10,1,85399,0,8,"(0, 0, 1, 2, 2, 2, 2, 1, 0, 0)"
