L,mean,theta,entry_steps,terminal,exact_positive_entry_count,log2_exact_positive_entry_count,exact_s0_colored_lower_count,s0_colored_lower_fraction,positive_linear_coefficient,matching_low_linear_coefficient,q_beta_theta
6,36,0.5625,6,0,507508,18.953071038546174,112654,0.22197482601259488,-4.357732540167808,-3.3577325401678073,-7.715465080335614
6,36,0.5625,6,1,3268134,21.640035707389213,348046,0.1064968572280084,-4.772770039446652,-2.772770039446651,-7.715465080335614
6,48,0.75,6,0,345808,18.399611719434425,86226,0.24934645815018738,-3.9426950408889634,-2.9426950408889634,-6.885390081777927
6,48,0.75,6,1,2445892,21.22192927142973,290130,0.11861930126105323,-4.357732540167808,-2.3577325401678073,-6.885390081777927
6,56,0.875,6,0,262744,18.003298293737185,71154,0.2708111317480133,-3.7203026195525153,-2.7203026195525153,-6.440605239105031
6,56,0.875,6,1,1996504,20.929044531740605,255346,0.12789656319246043,-4.135340118831359,-2.135340118831359,-6.440605239105031
6,64,1.0,6,0,196348,17.58305337722963,57970,0.2952411025322387,-3.5276575416101195,-2.5276575416101195,-6.055315083220239
6,64,1.0,6,1,1616242,20.6242117983921,223474,0.13826766041224026,-3.9426950408889634,-1.9426950408889634,-6.055315083220239
8,144,0.5625,8,0,2716887016,31.339307425123724,964747428,0.355092950983428,-4.357732540167808,-3.3577325401678073,-7.715465080335614
8,144,0.5625,8,1,30528285820,34.829427532574385,6077102084,0.1990646353297278,-4.772770039446652,-2.772770039446651,-7.715465080335614
8,192,0.75,8,0,1595947276,30.571765845202055,626003908,0.3922459829431107,-3.9426950408889634,-2.9426950408889634,-6.885390081777927
8,192,0.75,8,1,20583010390,34.26073494942952,4509495908,0.21908825883850705,-4.357732540167808,-2.3577325401678073,-6.885390081777927
8,224,0.875,8,0,1093609068,30.026449964647473,459276920,0.4199644401631827,-3.7203026195525153,-2.7203026195525153,-6.440605239105031
8,224,0.875,8,1,15639353118,33.864461789347914,3658748056,0.23394497383584176,-4.135340118831359,-2.135340118831359,-6.440605239105031
8,256,1.0,8,0,733954192,29.45111478260782,330449596,0.450231907661071,-3.5276575416101195,-2.5276575416101195,-6.055315083220239
8,256,1.0,8,1,11761826736,33.45339309223694,2942110812,0.2501406352973163,-3.9426950408889634,-1.9426950408889634,-6.055315083220239
10,576,0.5625,10,0,133912058698532,46.92827920873617,64053413438838,0.47832446204891466,-4.357732540167808,-3.3577325401678073,-7.715465080335614
10,576,0.5625,10,1,2715722003177614,51.27025722794316,813971690513782,0.29972570445773516,-4.772770039446652,-2.772770039446651,-7.715465080335614
10,768,0.75,10,0,68077292302112,45.952238890124804,35360116803946,0.5194113280391001,-3.9426950408889634,-2.9426950408889634,-6.885390081777927
10,768,0.75,10,1,1653750413056860,50.55466294015604,538359512167274,0.32553855038629936,-4.357732540167808,-2.3577325401678073,-6.885390081777927
10,896,0.875,10,0,42130563259720,45.25993243751024,23129138074298,0.5489871552800055,-3.7203026195525153,-2.7203026195525153,-6.440605239105031
10,896,0.875,10,1,1170850421767968,50.0564782040538,403064528742842,0.3442493774176723,-4.135340118831359,-2.135340118831359,-6.440605239105031
10,1024,1.0,10,0,25406509009004,44.53026338848626,14743565437226,0.5803066226847978,-3.5276575416101195,-2.5276575416101195,-6.055315083220239
10,1024,1.0,10,1,818499850352410,49.539975481352364,298136227782954,0.36424713780288376,-3.9426950408889634,-1.9426950408889634,-6.055315083220239
12,2304,0.5625,12,0,69450610508172854840,65.91262117918667,40489994659112965308,0.5830041573838743,-4.357732540167808,-3.3577325401678073,-7.715465080335614
12,2304,0.5625,12,1,2587757652495817154452,71.13219250567067,1027848753383594641308,0.39719668199696534,-4.772770039446652,-2.772770039446651,-7.715465080335614
12,3072,0.75,12,0,30571334315844064892,64.72881332429776,19070865898233706316,0.6238152938044951,-3.9426950408889634,-2.9426950408889634,-6.885390081777927
12,3072,0.75,12,1,1423357830029670181982,70.26978839147225,606721314134162493036,0.42626056591933403,-4.357732540167808,-2.3577325401678073,-6.885390081777927
12,3584,0.875,12,0,17084410819862548028,63.88931429810034,11145223019328044240,0.6523621526573494,-3.7203026195525153,-2.7203026195525153,-6.440605239105031
12,3584,0.875,12,1,938813213071410786934,69.66940004457047,419580161469304283504,0.44692613570766704,-4.135340118831359,-2.135340118831359,-6.440605239105031
12,4096,1.0,12,0,9252192136484982880,63.00450093411479,6308737935358908580,0.6818641293106211,-3.5276575416101195,-2.5276575416101195,-6.055315083220239
12,4096,1.0,12,1,609794526179494431464,69.04688509780114,285784756605106965188,0.4686574646637375,-3.9426950408889634,-1.9426950408889634,-6.055315083220239
