n,t,nonstackable,missed_by_front_overlap,missed_max_score_zero,missed_max_score_negative,missed_missing_one_sided_front,max_uncovered_gap,max_gap_example,gap_histogram
2,1,0,0,0,0,0,-1,,{}
2,2,1,0,0,0,0,-1,,{}
2,3,0,0,0,0,0,-1,,{}
2,4,0,0,0,0,0,-1,,{}
2,5,0,0,0,0,0,-1,,{}
2,6,0,0,0,0,0,-1,,{}
2,7,0,0,0,0,0,-1,,{}
2,8,0,0,0,0,0,-1,,{}
3,1,0,0,0,0,0,-1,,{}
3,2,3,0,0,0,0,-1,,{}
3,3,3,3,2,1,0,1,"(1, 0, 2)","{""1"": 3}"
3,4,3,3,1,2,0,1,"(1, 0, 3)","{""1"": 3}"
3,5,2,2,2,0,0,1,"(1, 1, 3)","{""1"": 2}"
3,6,3,3,3,0,0,1,"(1, 0, 5)","{""1"": 3}"
3,7,0,0,0,0,0,-1,,{}
3,8,0,0,0,0,0,-1,,{}
4,1,0,0,0,0,0,-1,,{}
4,2,6,0,0,0,0,-1,,{}
4,3,10,6,4,2,0,1,"(0, 1, 0, 2)","{""1"": 6}"
4,4,16,11,5,6,0,2,"(2, 0, 0, 2)","{""1"": 10, ""2"": 1}"
4,5,20,16,10,6,0,2,"(1, 2, 0, 2)","{""1"": 14, ""2"": 2}"
4,6,24,21,13,8,0,2,"(1, 1, 1, 3)","{""1"": 14, ""2"": 7}"
4,7,22,22,14,8,0,2,"(1, 0, 0, 6)","{""2"": 22}"
4,8,21,21,17,4,0,2,"(1, 0, 0, 7)","{""2"": 21}"
5,1,0,0,0,0,0,-1,,{}
5,2,10,0,0,0,0,-1,,{}
5,3,22,9,6,3,0,1,"(0, 0, 1, 0, 2)","{""1"": 9}"
5,4,44,20,9,11,0,2,"(0, 2, 0, 0, 2)","{""1"": 18, ""2"": 2}"
5,5,73,39,22,17,0,2,"(0, 1, 2, 0, 2)","{""1"": 33, ""2"": 6}"
5,6,110,78,38,40,0,3,"(2, 0, 2, 0, 2)","{""1"": 51, ""2"": 26, ""3"": 1}"
5,7,140,140,52,88,0,3,"(1, 2, 2, 0, 2)","{""1"": 50, ""2"": 86, ""3"": 4}"
5,8,172,172,84,88,0,3,"(1, 1, 4, 0, 2)","{""1"": 41, ""2"": 114, ""3"": 17}"
6,1,0,0,0,0,0,-1,,{}
6,2,15,0,0,0,0,-1,,{}
6,3,40,12,8,4,0,1,"(0, 0, 0, 1, 0, 2)","{""1"": 12}"
6,4,93,29,13,16,0,2,"(0, 0, 2, 0, 0, 2)","{""1"": 26, ""2"": 3}"
6,5,182,64,34,30,0,2,"(0, 0, 1, 2, 0, 2)","{""1"": 54, ""2"": 10}"
6,6,322,160,68,92,0,3,"(0, 2, 0, 2, 0, 2)","{""1"": 108, ""2"": 50, ""3"": 2}"
6,7,504,392,118,274,0,3,"(0, 1, 2, 2, 0, 2)","{""1"": 186, ""2"": 196, ""3"": 10}"
6,8,738,628,216,412,0,4,"(2, 0, 2, 2, 0, 2)","{""1"": 238, ""2"": 335, ""3"": 54, ""4"": 1}"
7,1,0,0,0,0,0,-1,,{}
7,2,21,0,0,0,0,-1,,{}
7,3,65,15,10,5,0,1,"(0, 0, 0, 0, 1, 0, 2)","{""1"": 15}"
7,4,170,38,17,21,0,2,"(0, 0, 0, 2, 0, 0, 2)","{""1"": 34, ""2"": 4}"
7,5,375,89,46,43,0,2,"(0, 0, 0, 1, 2, 0, 2)","{""1"": 75, ""2"": 14}"
7,6,744,247,98,149,0,3,"(0, 0, 2, 0, 2, 0, 2)","{""1"": 170, ""2"": 74, ""3"": 3}"
7,7,1330,722,190,532,0,3,"(0, 0, 1, 2, 2, 0, 2)","{""1"": 390, ""2"": 316, ""3"": 16}"
7,8,2221,1406,393,1013,0,4,"(0, 2, 0, 2, 2, 0, 2)","{""1"": 650, ""2"": 648, ""3"": 106, ""4"": 2}"
8,1,0,0,0,0,0,-1,,{}
8,2,28,0,0,0,0,-1,,{}
8,3,98,18,12,6,0,1,"(0, 0, 0, 0, 0, 1, 0, 2)","{""1"": 18}"
8,4,283,47,21,26,0,2,"(0, 0, 0, 0, 2, 0, 0, 2)","{""1"": 42, ""2"": 5}"
8,5,688,114,58,56,0,2,"(0, 0, 0, 0, 1, 2, 0, 2)","{""1"": 96, ""2"": 18}"
8,6,1496,334,128,206,0,3,"(0, 0, 0, 2, 0, 2, 0, 2)","{""1"": 232, ""2"": 98, ""3"": 4}"
8,7,2948,1064,262,802,0,3,"(0, 0, 0, 1, 2, 2, 0, 2)","{""1"": 606, ""2"": 436, ""3"": 22}"
8,8,5420,2342,577,1765,0,4,"(0, 0, 2, 0, 2, 2, 0, 2)","{""1"": 1192, ""2"": 987, ""3"": 160, ""4"": 3}"
9,1,0,0,0,0,0,-1,,{}
9,2,36,0,0,0,0,-1,,{}
9,3,140,21,14,7,0,1,"(0, 0, 0, 0, 0, 0, 1, 0, 2)","{""1"": 21}"
9,4,441,56,25,31,0,2,"(0, 0, 0, 0, 0, 2, 0, 0, 2)","{""1"": 50, ""2"": 6}"
9,5,1166,139,70,69,0,2,"(0, 0, 0, 0, 0, 1, 2, 0, 2)","{""1"": 117, ""2"": 22}"
9,6,2743,421,158,263,0,3,"(0, 0, 0, 0, 2, 0, 2, 0, 2)","{""1"": 294, ""2"": 122, ""3"": 5}"
9,7,5853,1406,334,1072,0,3,"(0, 0, 0, 0, 1, 2, 2, 0, 2)","{""1"": 822, ""2"": 556, ""3"": 28}"
9,8,11622,3310,761,2549,0,4,"(0, 0, 0, 2, 0, 2, 2, 0, 2)","{""1"": 1764, ""2"": 1328, ""3"": 214, ""4"": 4}"
10,1,0,0,0,0,0,-1,,{}
10,2,45,0,0,0,0,-1,,{}
10,3,192,24,16,8,0,1,"(0, 0, 0, 0, 0, 0, 0, 1, 0, 2)","{""1"": 24}"
10,4,654,65,29,36,0,2,"(0, 0, 0, 0, 0, 0, 2, 0, 0, 2)","{""1"": 58, ""2"": 7}"
10,5,1864,164,82,82,0,2,"(0, 0, 0, 0, 0, 0, 1, 2, 0, 2)","{""1"": 138, ""2"": 26}"
10,6,4705,508,188,320,0,3,"(0, 0, 0, 0, 0, 2, 0, 2, 0, 2)","{""1"": 356, ""2"": 146, ""3"": 6}"
10,7,10760,1748,406,1342,0,3,"(0, 0, 0, 0, 0, 1, 2, 2, 0, 2)","{""1"": 1038, ""2"": 676, ""3"": 34}"
10,8,22829,4280,945,3335,0,4,"(0, 0, 0, 0, 2, 0, 2, 2, 0, 2)","{""1"": 2338, ""2"": 1669, ""3"": 268, ""4"": 5}"
