family,n,scaling,multiplier,t,trials,successes,estimate,seed
path,40,a*n*log2(n),0.55,117,1000,157,0.157,2026493150
path,40,a*n*log2(n),0.65,138,1000,411,0.41099999999999998,2026493250
path,40,a*n*log2(n),0.75,160,1000,634,0.63400000000000001,2026493350
path,40,a*n*log2(n),0.85,181,1000,774,0.77400000000000002,2026493450
path,40,a*n*log2(n),1,213,1000,907,0.90700000000000003,2026493600
path,80,a*n*log2(n),0.55,278,1000,114,0.114,2026893150
path,80,a*n*log2(n),0.65,329,1000,353,0.35299999999999998,2026893250
path,80,a*n*log2(n),0.75,379,1000,600,0.59999999999999998,2026893350
path,80,a*n*log2(n),0.85,430,1000,771,0.77100000000000002,2026893450
path,80,a*n*log2(n),1,506,1000,896,0.89600000000000002,2026893600
path,160,a*n*log2(n),0.55,644,1000,60,0.059999999999999998,2027693150
path,160,a*n*log2(n),0.65,761,1000,339,0.33900000000000002,2027693250
path,160,a*n*log2(n),0.75,879,1000,591,0.59099999999999997,2027693350
path,160,a*n*log2(n),0.85,996,1000,761,0.76100000000000001,2027693450
path,160,a*n*log2(n),1,1172,1000,900,0.90000000000000002,2027693600
path,320,a*n*log2(n),0.55,1465,1000,46,0.045999999999999999,2029293150
path,320,a*n*log2(n),0.65,1731,1000,291,0.29099999999999998,2029293250
path,320,a*n*log2(n),0.75,1997,1000,560,0.56000000000000005,2029293350
path,320,a*n*log2(n),0.85,2264,1000,778,0.77800000000000002,2029293450
path,320,a*n*log2(n),1,2663,1000,923,0.92300000000000004,2029293600
path,640,a*n*log2(n),0.55,3281,1000,22,0.021999999999999999,2032493150
path,640,a*n*log2(n),0.65,3878,1000,210,0.20999999999999999,2032493250
path,640,a*n*log2(n),0.75,4475,1000,530,0.53000000000000003,2032493350
path,640,a*n*log2(n),0.85,5071,1000,786,0.78600000000000003,2032493450
path,640,a*n*log2(n),1,5966,1000,927,0.92700000000000005,2032493600
