family,n,t,total_configurations,stackable_configurations,nonstackable_configurations,probability,probability_float
path,2,0,1,0,1,0,0
path,2,1,2,2,0,1,1
path,2,2,3,2,1,2/3,0.66666666666666663
path,2,3,4,4,0,1,1
path,2,4,5,5,0,1,1
path,2,5,6,6,0,1,1
path,2,6,7,7,0,1,1
path,2,7,8,8,0,1,1
path,2,8,9,9,0,1,1
path,2,9,10,10,0,1,1
path,2,10,11,11,0,1,1
path,2,11,12,12,0,1,1
path,2,12,13,13,0,1,1
path,3,0,1,0,1,0,0
path,3,1,3,3,0,1,1
path,3,2,6,3,3,1/2,0.5
path,3,3,10,7,3,7/10,0.69999999999999996
path,3,4,15,12,3,4/5,0.80000000000000004
path,3,5,21,19,2,19/21,0.90476190476190477
path,3,6,28,25,3,25/28,0.8928571428571429
path,3,7,36,36,0,1,1
path,3,8,45,45,0,1,1
path,3,9,55,55,0,1,1
path,3,10,66,66,0,1,1
path,3,11,78,78,0,1,1
path,3,12,91,91,0,1,1
path,4,0,1,0,1,0,0
path,4,1,4,4,0,1,1
path,4,2,10,4,6,2/5,0.40000000000000002
path,4,3,20,10,10,1/2,0.5
path,4,4,35,19,16,19/35,0.54285714285714282
path,4,5,56,36,20,9/14,0.6428571428571429
path,4,6,84,60,24,5/7,0.7142857142857143
path,4,7,120,98,22,49/60,0.81666666666666665
path,4,8,165,144,21,48/55,0.87272727272727268
path,4,9,220,206,14,103/110,0.9363636363636364
path,4,10,286,275,11,25/26,0.96153846153846156
path,4,11,364,356,8,89/91,0.97802197802197799
path,4,12,455,451,4,451/455,0.99120879120879124
path,5,0,1,0,1,0,0
path,5,1,5,5,0,1,1
path,5,2,15,5,10,1/3,0.33333333333333331
path,5,3,35,13,22,13/35,0.37142857142857144
path,5,4,70,26,44,13/35,0.37142857142857144
path,5,5,126,53,73,53/126,0.42063492063492064
path,5,6,210,100,110,10/21,0.47619047619047616
path,5,7,330,190,140,19/33,0.5757575757575758
path,5,8,495,323,172,323/495,0.65252525252525251
path,5,9,715,526,189,526/715,0.73566433566433564
path,5,10,1001,814,187,74/91,0.81318681318681318
path,5,11,1365,1180,185,236/273,0.86446886446886451
path,5,12,1820,1647,173,1647/1820,0.90494505494505495
path,6,0,1,0,1,0,0
path,6,1,6,6,0,1,1
path,6,2,21,6,15,2/7,0.2857142857142857
path,6,3,56,16,40,2/7,0.2857142857142857
path,6,4,126,33,93,11/42,0.26190476190476192
path,6,5,252,70,182,5/18,0.27777777777777779
path,6,6,462,140,322,10/33,0.30303030303030304
path,6,7,792,288,504,4/11,0.36363636363636365
path,6,8,1287,549,738,61/143,0.42657342657342656
path,6,9,2002,1008,994,72/143,0.50349650349650354
path,6,10,3003,1754,1249,1754/3003,0.58408258408258407
path,6,11,4368,2888,1480,361/546,0.66117216117216115
path,6,12,6188,4533,1655,4533/6188,0.73254686489980603
path,7,0,1,0,1,0,0
path,7,1,7,7,0,1,1
path,7,2,28,7,21,1/4,0.25
path,7,3,84,19,65,19/84,0.22619047619047619
path,7,4,210,40,170,4/21,0.19047619047619047
path,7,5,462,87,375,29/154,0.18831168831168832
path,7,6,924,180,744,15/77,0.19480519480519481
path,7,7,1716,386,1330,193/858,0.22494172494172493
path,7,8,3003,782,2221,782/3003,0.26040626040626041
path,7,9,5005,1558,3447,1558/5005,0.31128871128871127
path,7,10,8008,2986,5022,1493/4004,0.37287712287712288
path,7,11,12376,5447,6929,419/952,0.44012605042016806
path,7,12,18564,9525,9039,3175/6188,0.5130898513251454
path,8,0,1,0,1,0,0
path,8,1,8,8,0,1,1
path,8,2,36,8,28,2/9,0.22222222222222221
path,8,3,120,22,98,11/60,0.18333333333333332
path,8,4,330,47,283,47/330,0.14242424242424243
path,8,5,792,104,688,13/99,0.13131313131313133
path,8,6,1716,220,1496,5/39,0.12820512820512819
path,8,7,3432,484,2948,11/78,0.14102564102564102
path,8,8,6435,1015,5420,203/1287,0.15773115773115773
path,8,9,11440,2116,9324,529/2860,0.18496503496503497
path,8,10,19448,4311,15137,4311/19448,0.22166803784450842
path,8,11,31824,8488,23336,1061/3978,0.26671694318753142
path,8,12,50388,16160,34228,4040/12597,0.32071128046360242
path,9,0,1,0,1,0,0
path,9,1,9,9,0,1,1
path,9,2,45,9,36,1/5,0.20000000000000001
path,9,3,165,25,140,5/33,0.15151515151515152
path,9,4,495,54,441,6/55,0.10909090909090909
path,9,5,1287,121,1166,11/117,0.094017094017094016
path,9,6,3003,260,2743,20/231,0.086580086580086577
path,9,7,6435,582,5853,194/2145,0.090442890442890445
path,9,8,12870,1248,11622,16/165,0.09696969696969697
path,9,9,24310,2674,21636,1337/12155,0.10999588646647471
path,9,10,43758,5645,38113,5645/43758,0.12900498194615842
path,9,11,75582,11651,63931,11651/75582,0.15415045910401948
path,9,12,125970,23539,102431,23539/125970,0.1868619512582361
