family,n,scaling,multiplier,base_density,t,mean_density,trials,successes,estimate,failures,front_certified_failures,front_certificate_fraction_of_failures,seed
path,640,a*n*2^sqrt(log2(n)),0.75,8.3004138665535034,3984,6.2249999999999996,200,51,0.255,149,123,0.82550335570469802,2032493390
path,640,a*n*2^sqrt(log2(n)),0.84,8.3004138665535034,4462,6.9718749999999998,200,112,0.56000000000000005,88,49,0.55681818181818177,2032493480
path,640,a*n*2^sqrt(log2(n)),0.95,8.3004138665535034,5047,7.8859374999999998,200,146,0.72999999999999998,54,17,0.31481481481481483,2032493590
path,2560,a*n*2^sqrt(log2(n)),0.75,10.30167687913727,19779,7.7261718750000004,200,40,0.20000000000000001,160,135,0.84375,2051693390
path,2560,a*n*2^sqrt(log2(n)),0.84,10.30167687913727,22153,8.6535156250000007,200,96,0.47999999999999998,104,60,0.57692307692307687,2051693480
path,2560,a*n*2^sqrt(log2(n)),0.95,10.30167687913727,25054,9.7867187500000004,200,144,0.71999999999999997,56,18,0.32142857142857145,2051693590
path,10000,a*n*2^sqrt(log2(n)),0.75,12.511921469026641,93839,9.3839000000000006,200,37,0.185,163,141,0.86503067484662577,2126093390
path,10000,a*n*2^sqrt(log2(n)),0.84,12.511921469026641,105100,10.51,200,108,0.54000000000000004,92,63,0.68478260869565222,2126093480
path,10000,a*n*2^sqrt(log2(n)),0.95,12.511921469026641,118863,11.8863,200,173,0.86499999999999999,27,6,0.22222222222222221,2126093590
path,40000,a*n*2^sqrt(log2(n)),0.75,15.031847514016741,450955,11.273875,150,29,0.19333333333333333,121,115,0.95041322314049592,2426093390
path,40000,a*n*2^sqrt(log2(n)),0.84,15.031847514016741,505070,12.626749999999999,150,86,0.57333333333333336,64,40,0.625,2426093480
path,40000,a*n*2^sqrt(log2(n)),0.95,15.031847514016741,571210,14.280250000000001,150,123,0.81999999999999995,27,6,0.22222222222222221,2426093590
path,160000,a*n*2^sqrt(log2(n)),0.75,17.849966848982834,2141996,13.387475,40,8,0.20000000000000001,32,29,0.90625,3626093390
path,160000,a*n*2^sqrt(log2(n)),0.84,17.849966848982834,2399036,14.993975000000001,40,18,0.45000000000000001,22,12,0.54545454545454541,3626093480
path,160000,a*n*2^sqrt(log2(n)),0.95,17.849966848982834,2713195,16.95746875,40,35,0.875,5,1,0.20000000000000001,3626093590
