family,n,correction_c,scaling,t,mean_density,trials,successes,estimate,failures,front_certified_failures,front_certificate_fraction_of_failures,mean_longest_zero_run_success,mean_longest_zero_run_failure,mean_longest_leq1_run_success,mean_longest_leq1_run_failure,mean_uncovered_front_gap_failure,seed
path,640,0,n*(log2(n)-c*log2(log2(n))),5966,9.3218750000000004,200,181,0.90500000000000003,19,1,0.052631578947368418,2.4475138121546962,2.736842105263158,3.5082872928176796,4.0526315789473681,20.94736842105263,2032492620
path,640,0.5,n*(log2(n)-c*log2(log2(n))),4935,7.7109375,200,144,0.71999999999999997,56,22,0.39285714285714285,2.5486111111111112,2.9285714285714284,3.8333333333333335,4.5,12.625,2032493120
path,640,0.75,n*(log2(n)-c*log2(log2(n))),4420,6.90625,200,98,0.48999999999999999,102,59,0.57843137254901966,2.7346938775510203,2.9509803921568629,3.9387755102040818,4.3921568627450984,8.3529411764705888,2032493370
path,640,1,n*(log2(n)-c*log2(log2(n))),3905,6.1015625,200,54,0.27000000000000002,146,103,0.70547945205479456,3,3.0821917808219177,4.2407407407407405,4.7328767123287667,5.6301369863013697,2032493620
path,2560,0,n*(log2(n)-c*log2(log2(n))),28984,11.321875,200,191,0.95499999999999996,9,2,0.22222222222222221,2.8900523560209423,2.8888888888888888,3.9005235602094239,4.333333333333333,20,2051692620
path,2560,0.5,n*(log2(n)-c*log2(log2(n))),24503,9.5714843750000007,200,154,0.77000000000000002,46,22,0.47826086956521741,2.9415584415584415,3.152173913043478,4.1883116883116882,4.6739130434782608,14.478260869565217,2051693120
path,2560,0.75,n*(log2(n)-c*log2(log2(n))),22262,8.6960937499999993,200,104,0.52000000000000002,96,60,0.625,3.1153846153846154,3.25,4.3269230769230766,5,9.9791666666666661,2051693370
path,2560,1,n*(log2(n)-c*log2(log2(n))),20021,7.8207031249999996,200,52,0.26000000000000001,148,120,0.81081081081081086,3.1538461538461537,3.3648648648648649,4.365384615384615,4.8310810810810807,4.9256756756756754,2051693620
path,10000,0,n*(log2(n)-c*log2(log2(n))),132877,13.287699999999999,200,185,0.92500000000000004,15,5,0.33333333333333331,3.1459459459459458,3.5333333333333332,4.3729729729729732,4.666666666666667,22.333333333333332,2126092620
path,10000,0.5,n*(log2(n)-c*log2(log2(n))),114217,11.4217,200,135,0.67500000000000004,65,28,0.43076923076923079,3.3629629629629632,3.3846153846153846,4.5925925925925926,4.8307692307692305,17.553846153846155,2126093120
path,10000,0.75,n*(log2(n)-c*log2(log2(n))),104887,10.4887,200,107,0.53500000000000003,93,58,0.62365591397849462,3.3925233644859811,3.5161290322580645,4.7850467289719623,4.967741935483871,11.311827956989248,2126093370
path,10000,1,n*(log2(n)-c*log2(log2(n))),95557,9.5556999999999999,200,41,0.20499999999999999,159,139,0.87421383647798745,3.4634146341463414,3.6226415094339623,4.8536585365853657,5.1886792452830193,3.8805031446540879,2126093620
path,40000,0,n*(log2(n)-c*log2(log2(n))),611508,15.287699999999999,150,136,0.90666666666666662,14,4,0.2857142857142857,3.4485294117647061,3.7142857142857144,4.625,5.0714285714285712,26.571428571428573,2426092620
path,40000,0.5,n*(log2(n)-c*log2(log2(n))),532822,13.320550000000001,150,108,0.71999999999999997,42,19,0.45238095238095238,3.7222222222222223,3.7619047619047619,4.9351851851851851,5.166666666666667,19.738095238095237,2426093120
path,40000,0.75,n*(log2(n)-c*log2(log2(n))),493479,12.336975000000001,150,64,0.42666666666666669,86,63,0.73255813953488369,3.765625,3.6976744186046511,5.078125,5.2325581395348841,9.6627906976744189,2426093370
path,40000,1,n*(log2(n)-c*log2(log2(n))),454136,11.353400000000001,150,27,0.17999999999999999,123,108,0.87804878048780488,3.9629629629629628,3.934959349593496,5.0740740740740744,5.4146341463414638,4.4471544715447155,2426093620
path,160000,0.75,n*(log2(n)-c*log2(log2(n))),2272633,14.203956249999999,40,11,0.27500000000000002,29,25,0.86206896551724133,4,4.3103448275862073,5.6363636363636367,5.5172413793103452,5.4827586206896548,3626093370
path,160000,0.5,n*(log2(n)-c*log2(log2(n))),2437100,15.231875,30,18,0.59999999999999998,12,6,0.5,4.166666666666667,4.083333333333333,5.5,5.583333333333333,21.416666666666668,3626093120
path,160000,0.6,n*(log2(n)-c*log2(log2(n))),2371313,14.820706250000001,30,18,0.59999999999999998,12,9,0.75,3.8333333333333335,4.25,5.0555555555555554,5.583333333333333,10.083333333333334,3626093220
path,160000,0.65,n*(log2(n)-c*log2(log2(n))),2338420,14.615125000000001,30,12,0.40000000000000002,18,14,0.77777777777777779,3.75,4.333333333333333,5.25,5.5,8.6666666666666661,3626093270
