family,n,scaling,multiplier,t,trials,successes,estimate,seed
path,20,a*n,2,40,1000,74,0.073999999999999996,2026294600
path,20,a*n,3,60,1000,557,0.55700000000000005,2026295600
path,20,a*n,4,80,1000,853,0.85299999999999998,2026296600
path,20,a*n,5,100,1000,945,0.94499999999999995,2026297600
path,20,a*n,6,120,1000,971,0.97099999999999997,2026298600
path,20,a*n,8,160,1000,997,0.997,2026300600
path,20,a*n,10,200,1000,997,0.997,2026302600
path,40,a*n,2,80,1000,1,0.001,2026494600
path,40,a*n,3,120,1000,201,0.20100000000000001,2026495600
path,40,a*n,4,160,1000,634,0.63400000000000001,2026496600
path,40,a*n,5,200,1000,862,0.86199999999999999,2026497600
path,40,a*n,6,240,1000,951,0.95099999999999996,2026498600
path,40,a*n,8,320,1000,990,0.98999999999999999,2026500600
path,40,a*n,10,400,1000,998,0.998,2026502600
path,80,a*n,2,160,1000,0,0,2026894600
path,80,a*n,3,240,1000,15,0.014999999999999999,2026895600
path,80,a*n,4,320,1000,310,0.31,2026896600
path,80,a*n,5,400,1000,657,0.65700000000000003,2026897600
path,80,a*n,6,480,1000,863,0.86299999999999999,2026898600
path,80,a*n,8,640,1000,978,0.97799999999999998,2026900600
path,80,a*n,10,800,1000,991,0.99099999999999999,2026902600
path,160,a*n,2,320,1000,0,0,2027694600
path,160,a*n,3,480,1000,0,0,2027695600
path,160,a*n,4,640,1000,94,0.094,2027696600
path,160,a*n,5,800,1000,437,0.437,2027697600
path,160,a*n,6,960,1000,725,0.72499999999999998,2027698600
path,160,a*n,8,1280,1000,953,0.95299999999999996,2027700600
path,160,a*n,10,1600,1000,992,0.99199999999999999,2027702600
