L,mean,rate_L2_plus_2Llog2L,q_log2_lower,q_log2_upper,lower_rate_residual_per_L,upper_rate_residual_per_L,exact_descent_simplex_log2,exact_amplification_simplex_log2,exact_two_block_witness_log2,supercritical_entry_upper_log2,supercritical_low_upper_log2,supercritical_interior_upper_log2,cluster_steps
6,2^6,67.01955000865388,-69.75121527446225,-14.50331557919603,0.45527754430139566,-8.752705738242975,-29.678919117537703,-25.567308326496317,-55.24622744403402,-9.836620290319171,-12.707021367516273,-22.543641657835444,470
8,2^8,112.0,-111.81380314410596,-41.51575179628638,-0.023274606986754875,-8.810531025464202,-49.667392027748065,-44.86756075198605,-94.53495277973411,-22.75787589814319,-27.152145846166512,-49.9100217443097,1015
10,2^10,166.43856189774726,-163.2695214323499,-78.93469796118397,-0.31690404653973586,-8.75038639365633,-74.47399629751817,-69.08578898882206,-143.55978528634023,-40.78927707547935,-46.67594607288963,-87.46522314836898,1749
12,2^12,230.03910001730776,-223.7962726374194,-126.01451187276463,-0.5202356149906961,-8.668715678711928,,,,-63.59221843710347,-70.95905358485511,-134.5512720219586,2661
16,2^16,384.0,-371.36530344168057,-247.67608823311383,-0.7896685348949646,-8.520244485430386,,,,-122.83804411655692,-133.1553158640011,-255.993359980558,4993
20,2^20,572.8771237954945,-553.613324310385,-404.78207629977146,-0.9631899742554765,-8.404752374786153,,,,-199.7129662447731,-212.9783271272803,-412.6912933720534,7987
30,2^30,1194.413435736511,-1157.9790686983351,-948.0466374339715,-1.2144789012725292,-8.212226610084652,,,,-466.93020931259423,-487.56524591915104,-954.4954552317453,18283
40,2^40,2025.754247590989,-1971.6746866781086,-1701.9930276202222,-1.3519890228220106,-8.094030499269172,,,,-839.3184419049985,-867.3231344832743,-1706.6415763882728,32522
50,2^50,3064.3856189774724,-2992.3958787895153,-2663.7063345706656,-1.4397948037591413,-8.013585688136136,,,,-1315.4970234751074,-1350.871371995085,-2666.3683954701924,50654
