log2_n,offset,center,log2_mu,local_rate_main,log2_n_times_local_hazard,log2_spaced_block_hazard,conditioning_cost_bits_main,log2_spaced_hazard_to_conditioning_cost
256.0,-2.0,15.02765754161012,13.02765754161012,187.3293002398231,68.67069976017689,60.67069976017689,142.35349198428725,53.51736568704012
256.0,-1.0,15.02765754161012,14.02765754161012,218.72971335385353,37.270286646146474,29.270286646146474,143.35344879660968,22.106853843025164
256.0,-0.5,15.02765754161012,14.52765754161012,235.25802206573425,20.741977934265748,12.741977934265748,143.85343614674218,5.573522062150994
256.0,0.5,15.02765754161012,15.52765754161012,269.9619760830008,-13.96197608300082,-21.96197608300082,144.85342087670585,-29.14042602865471
256.0,1.0,15.02765754161012,16.027657541610118,288.1344218735635,-32.1344218735635,-40.1344218735635,145.35341640415456,-47.31784304448838
256.0,2.0,15.02765754161012,17.027657541610118,326.1129924376904,-70.11299243769042,-78.11299243769042,146.35341100527063,-85.30630499796781
1024.0,-2.0,30.027657541610118,28.027657541610118,885.3909268801951,138.60907311980486,128.60907311980486,541.3534056089824,119.52864621017149
1024.0,-1.0,30.027657541610118,29.027657541610118,948.9447479896105,75.0552520103895,65.0552520103895,542.3534056076643,55.972162580905675
1024.0,-0.5,30.027657541610118,29.527657541610118,981.5091537235605,42.49084627643947,32.49084627643947,542.8534056072782,23.40642742741372
1024.0,0.5,30.027657541610118,30.527657541610118,1048.210850516321,-24.21085051632099,-34.21085051632099,543.8534056068122,-43.29792453495191
1024.0,1.0,30.027657541610118,31.027657541610118,1082.347341220762,-58.34734122076202,-68.34734122076202,544.3534056066758,-77.43574099395279
1024.0,2.0,30.027657541610118,32.02765754161012,1152.1897024998552,-128.18970249985523,-138.18970249985523,545.3534056065109,-147.28075013287543
4096.0,-2.0,61.02765754161012,59.02765754161012,3821.390390023239,274.609609976761,262.609609976761,2108.3534056063463,251.56770897797873
4096.0,-1.0,61.02765754161012,60.02765754161012,3949.0667226149553,146.93327738504468,134.93327738504468,2109.3534056063463,123.89069227277015
4096.0,-0.5,61.02765754161012,60.52765754161012,4013.6729649678673,82.3270350321327,70.3270350321327,2109.8534056063463,59.28410798472387
4096.0,0.5,61.02765754161012,61.52765754161012,4144.42110538972,-48.42110538971974,-60.42110538971974,2110.8534056063463,-71.46471606436563
4096.0,1.0,61.02765754161012,62.02765754161012,4210.562809756315,-114.56280975631489,-126.56280975631489,2111.3534056063463,-137.60676212314027
4096.0,2.0,61.02765754161012,63.02765754161012,4344.381014218862,-248.38101421886222,-260.3810142188622,2112.3534056063463,-271.4256497273602
16384.0,-2.0,124.02765754161013,122.02765754161013,15843.396386329941,540.6036136700586,526.6036136700586,8315.353405606345,513.5820518055062
16384.0,-1.0,124.02765754161013,123.02765754161013,16099.155695659532,284.8443043404677,270.8443043404677,8316.353405606345,257.82256898860476
16384.0,-0.5,124.02765754161013,123.52765754161013,16227.794157255217,156.20584274478279,142.20584274478279,8316.853405606345,129.18402065708722
16384.0,0.5,124.02765754161013,124.52765754161013,16486.588575641417,-102.58857564141726,-116.58857564141726,8317.853405606345,-129.6105711851357
16384.0,1.0,124.02765754161013,125.02765754161013,16616.74448553785,-232.74448553784896,-246.74448553784896,8318.353405606345,-259.7665678017589
16384.0,2.0,124.02765754161013,126.02765754161013,16878.573590906468,-494.57359090646787,-508.57359090646787,8319.353405606345,-521.5958465951243
