family,L,theta,k,B,lambda,cutoff_exact,tail_factor_bound,exact_count,unrestricted_count,log2_count,residual_after_half_L2_minus_LlogL,linear_coefficient,residual_after_linear
positive_descent,6,0.5625,8,183,2.875,1,1,4526726,4526726,22.110036553090,19.619811557417,3.466256996946,-1.177730424259
positive_descent,6,0.75,8,159,2.5,1,1,2124886,2124886,21.018954012153,18.528729016480,3.264623135776,-1.059009798178
positive_descent,6,1,8,127,2,1,1,664666,664666,19.342270031302,16.852045035629,2.942695040889,-0.804125209705
low_amplification,6,1,6,32,0.5,1,1,1828,1828,10.836050355058,8.345825359385,0.942695040889,2.689655114051
necessary_positive_entry_0,6,1,4,43,0.75,0,4,4326,5414,12.078817949962,9.588592954289,1.527657541610,0.422647704628
necessary_positive_entry_1,6,1,4,59,1,0,6,12984,19338,13.664447284548,11.174222288875,1.942695040889,-0.481947956459
necessary_low_phase_0,6,1,4,22,0.375,0,2,504,524,8.977279923500,6.487054927827,0.527657541610,3.321109678166
necessary_low_phase_1,6,1,4,14,0.25,1,1,140,140,7.129283016945,4.639058021272,-0.057304959111,4.982887775938
positive_descent,8,0.5625,10,735,2.875,1,1,28029470022,28029470022,34.706225415190,26.706225415190,3.466256996946,-1.023830560378
positive_descent,8,0.75,10,639,2.5,1,1,10486820438,10486820438,33.287858273723,25.287858273723,3.264623135776,-0.829126812488
positive_descent,8,1,10,511,2,1,1,2290267226,2290267226,31.092868794288,23.092868794288,2.942695040889,-0.448691532824
low_amplification,8,1,8,128,0.5,1,1,692004,692004,19.400420851552,11.400420851552,0.942695040889,3.858860524441
necessary_positive_entry_0,8,1,6,187,0.75,0,4,4510310,5095526,22.104795164688,14.104795164688,1.527657541610,1.883534831807
necessary_positive_entry_1,8,1,6,251,1,0,6,21310008,26952074,24.345027798935,16.345027798935,1.942695040889,0.803467471823
necessary_low_phase_0,8,1,6,94,0.375,0,2,151928,153388,17.213028254339,9.213028254339,0.527657541610,4.991767921459
necessary_low_phase_1,8,1,6,62,0.25,1,1,23884,23884,14.543756853376,6.543756853376,-0.057304959111,7.002196526264
positive_descent,10,0.5625,12,2943,2.875,1,1,1743733627887430,1743733627887430,50.631101094689,33.850382043562,3.466256996946,-0.812187925897
positive_descent,10,0.75,12,2559,2.5,1,1,514720480140886,514720480140886,48.870782515300,32.090063464174,3.264623135776,-0.556167893590
positive_descent,10,1,12,2047,2,1,1,77160820913242,77160820913242,46.132933725823,29.352214674697,2.942695040889,-0.074735734193
low_amplification,10,1,10,512,0.5,1,1,2320518948,2320518948,31.111800331746,14.331081280620,0.942695040889,4.904130871730
necessary_positive_entry_0,10,1,8,763,0.75,0,4,34392417894,36592727654,35.001371494255,18.220652443128,1.527657541610,2.944077027027
necessary_positive_entry_1,10,1,8,1019,1,0,6,266197978680,304937111946,37.953708660242,21.172989609116,1.942695040889,1.746039200226
necessary_low_phase_0,10,1,8,382,0.375,0,2,345290104,345929260,28.363233746303,11.582514695177,0.527657541610,6.305939279075
necessary_low_phase_1,10,1,8,254,0.25,1,1,28895052,28895052,24.784319130425,8.003600079298,-0.057304959111,8.576649670409
positive_descent,12,0.5625,14,11775,2.875,1,1,1184402116395175432006,1184402116395175432006,70.004648966201,41.024198974855,3.466256996946,-0.570884988497
positive_descent,12,0.75,14,10239,2.5,1,1,273968462029619011158,273968462029619011158,67.892571724173,38.912121732827,3.264623135776,-0.263355896489
positive_descent,12,1,14,8191,2,1,1,27859502236825957466,27859502236825957466,64.594803284529,35.614353293183,2.942695040889,0.302012802516
low_amplification,12,1,12,2048,0.5,1,1,77477180493604,77477180493604,46.138836686678,17.158386695332,0.942695040889,5.846046204664
necessary_positive_entry_0,12,1,10,3067,0.75,0,4,2435217388537446,2511431570851430,51.112971988787,22.132521997441,1.527657541610,3.800631498119
necessary_positive_entry_1,12,1,10,4091,1,0,6,31422341678018104,34009377556959626,54.802640216379,25.822190225032,1.942695040889,2.509849734365
necessary_low_phase_0,12,1,10,1534,0.375,0,2,7276361848184,7278622555692,42.726354427597,13.745904436251,0.527657541610,7.414013936930
necessary_low_phase_1,12,1,10,1022,0.25,1,1,311748794188,311748794188,38.181593023632,9.201143032286,-0.057304959111,9.888802541618
positive_descent,14,0.5625,16,47103,2.875,1,1,9300792746657318728594181958,9300792746657318728594181958,92.909412250537,48.212381159344,3.466256996946,-0.315216797900
positive_descent,14,0.75,16,40959,2.5,1,1,1677479754788891023949241942,1677479754788891023949241942,90.438353916854,45.741322825660,3.264623135776,0.036598924792
positive_descent,14,1,16,32767,2,1,1,114746581654195790543205466,114746581654195790543205466,86.568581642898,41.871550551704,2.942695040889,0.673819979259
low_amplification,14,1,14,8192,0.5,1,1,27893897106768940836,27893897106768940836,64.596583312839,19.899552221645,0.942695040889,6.701821649200
necessary_positive_entry_0,14,1,12,12283,0.75,0,4,1824746627375085258342,1852503023740060042854,70.628186147144,25.931155055951,1.527657541610,4.543949473409
necessary_positive_entry_1,14,1,12,16379,1,0,6,39584250330825840897592,41464441732175761805706,75.067344616582,30.370313525389,1.942695040889,3.172582952943
necessary_low_phase_0,14,1,12,6142,0.375,0,2,1602444398392481144,1602521245174332972,60.474980007060,15.777948915866,0.527657541610,8.390743333325
necessary_low_phase_1,14,1,12,4094,0.25,1,1,34240231941576524,34240231941576524,54.926541992712,10.229510901519,-0.057304959111,11.031780329073
