coefficient,L,mean,log2_n,entry_log2_probability,low_log2_probability,interior_log2_probability,cluster_steps,max_window_length,conditioned_nonstackable_log2_upper
1.05,20,2^20,363,-154.49323738621032,-172.49325447009093,-326.98649185630126,6468,6503,49.67305814057863
1.05,30,2^30,816,-379.4932601550896,-407.4932601784911,-786.9865203335808,15280,15335,43.91302541141454
1.05,40,2^40,1451,-704.4932601840363,-742.4932601840659,-1446.9865203681022,27842,27917,19.77855849151456
1.05,50,2^50,2268,-1129.4932601840712,-1177.4932601840715,-2306.986520368143,44153,44248,-22.556231174348795
1.1,20,2^20,331,-154.49323738621032,-172.49325447009093,-326.98649185630126,6468,6503,17.673058140578632
1.1,30,2^30,744,-379.4932601550896,-407.4932601784911,-786.9865203335808,15280,15335,-28.086974588585463
1.1,40,2^40,1322,-704.4932601840363,-742.4932601840659,-1446.9865203681022,27842,27917,-109.22144150848544
1.1,50,2^50,2066,-1129.4932601840712,-1177.4932601840715,-2306.986520368143,44153,44248,-224.5562311743488
1.25,20,2^20,256,-154.49323738621032,-172.49325447009093,-326.98649185630126,6468,6503,-57.32694185942137
1.25,30,2^30,576,-379.4932601550896,-407.4932601784911,-786.9865203335808,15280,15335,-196.08697458858546
1.25,40,2^40,1024,-704.4932601840363,-742.4932601840659,-1446.9865203681022,27842,27917,-407.22144150848544
1.25,50,2^50,1600,-1129.4932601840712,-1177.4932601840715,-2306.986520368143,44153,44248,-690.556231174349
1.5,20,2^20,178,-154.49323738621032,-172.49325447009093,-326.98649185630126,6468,6503,-135.32694173839872
1.5,30,2^30,400,-379.4932601550896,-407.4932601784911,-786.9865203335808,15280,15335,-372.08697362030273
1.5,40,2^40,711,-704.4932601840363,-742.4932601840659,-1446.9865203681022,27842,27917,-720.2056632865973
1.5,50,2^50,1111,-1129.4932601840712,-1177.4932601840715,-2306.986520368143,44153,44248,-1161.0629997542428
